Order Number,Pickup Node,Packing Station,Order Generated Time,Completed Mode 1,Completed Mode 2
1,6,43,1900-01-01 08:00:26,1900-01-01 08:01:37.000691,1900-01-01 08:01:23.881495
1,10,43,1900-01-01 08:00:26,1900-01-01 08:01:37.000691,1900-01-01 08:00:59.395522
1,18,43,1900-01-01 08:00:26,1900-01-01 08:01:37.000691,1900-01-01 08:01:19.493497
1,20,43,1900-01-01 08:00:26,1900-01-01 08:01:37.000691,1900-01-01 08:00:40.000286
1,22,43,1900-01-01 08:00:26,1900-01-01 08:01:37.000691,1900-01-01 08:01:04.855713
1,32,43,1900-01-01 08:00:26,1900-01-01 08:01:37.000691,1900-01-01 08:00:46.918311
1,39,43,1900-01-01 08:00:26,1900-01-01 08:01:37.000691,1900-01-01 08:00:52.516095
1,47,43,1900-01-01 08:00:26,1900-01-01 08:01:37.000691,1900-01-01 08:01:10.636626
2,6,7,1900-01-01 08:00:57,1900-01-01 08:01:53.000310,1900-01-01 08:01:16.651094
2,11,7,1900-01-01 08:00:57,1900-01-01 08:01:53.000310,1900-01-01 08:01:20.392815
2,14,7,1900-01-01 08:00:57,1900-01-01 08:01:53.000310,1900-01-01 08:01:07.000286
2,41,7,1900-01-01 08:00:57,1900-01-01 08:01:53.000310,1900-01-01 08:01:25.406424
2,52,7,1900-01-01 08:00:57,1900-01-01 08:01:53.000310,1900-01-01 08:01:29.202602
3,9,37,1900-01-01 08:01:33,1900-01-01 08:02:02.000405,1900-01-01 08:01:57.321903
3,32,37,1900-01-01 08:01:33,1900-01-01 08:02:02.000405,1900-01-01 08:01:50.526972
3,50,37,1900-01-01 08:01:33,1900-01-01 08:02:02.000405,1900-01-01 08:01:43.000310
4,4,43,1900-01-01 08:02:01,1900-01-01 08:03:15.000310,1900-01-01 08:02:59.511113
4,12,43,1900-01-01 08:02:01,1900-01-01 08:03:15.000310,1900-01-01 08:02:49.690411
4,21,43,1900-01-01 08:02:01,1900-01-01 08:03:15.000310,1900-01-01 08:02:22.273605
4,22,43,1900-01-01 08:02:01,1900-01-01 08:03:15.000310,1900-01-01 08:02:39.363617
4,38,43,1900-01-01 08:02:01,1900-01-01 08:03:15.000310,1900-01-01 08:02:10.000215
4,40,43,1900-01-01 08:02:01,1900-01-01 08:03:15.000310,1900-01-01 08:02:15.425432
4,46,43,1900-01-01 08:02:01,1900-01-01 08:03:15.000310,1900-01-01 08:02:28.790111
4,53,43,1900-01-01 08:02:01,1900-01-01 08:03:15.000310,1900-01-01 08:02:55.242512
4,54,43,1900-01-01 08:02:01,1900-01-01 08:03:15.000310,1900-01-01 08:02:33.856504
5,3,7,1900-01-01 08:02:30,1900-01-01 08:03:39.001001,1900-01-01 08:02:52.601095
5,12,7,1900-01-01 08:02:30,1900-01-01 08:03:39.001001,1900-01-01 08:02:58.979816
5,17,7,1900-01-01 08:02:30,1900-01-01 08:03:39.001001,1900-01-01 08:03:04.306377
5,20,7,1900-01-01 08:02:30,1900-01-01 08:03:39.001001,1900-01-01 08:02:43.000310
5,27,7,1900-01-01 08:02:30,1900-01-01 08:03:39.001001,1900-01-01 08:03:04.691682
5,30,7,1900-01-01 08:02:30,1900-01-01 08:03:39.001001,1900-01-01 08:03:13.208881
5,54,7,1900-01-01 08:02:30,1900-01-01 08:03:39.001001,1900-01-01 08:03:24.984830
6,8,37,1900-01-01 08:03:03,1900-01-01 08:04:08.000286,1900-01-01 08:03:28.906604
6,10,37,1900-01-01 08:03:03,1900-01-01 08:04:08.000286,1900-01-01 08:04:04.463091
6,22,37,1900-01-01 08:03:03,1900-01-01 08:04:08.000286,1900-01-01 08:03:32.748004
6,24,37,1900-01-01 08:03:03,1900-01-01 08:04:08.000286,1900-01-01 08:03:41.894006
6,30,37,1900-01-01 08:03:03,1900-01-01 08:04:08.000286,1900-01-01 08:03:48.273132
6,34,37,1900-01-01 08:03:03,1900-01-01 08:04:08.000286,1900-01-01 08:03:17.000286
6,36,37,1900-01-01 08:03:03,1900-01-01 08:04:08.000286,1900-01-01 08:03:35.246511
6,42,37,1900-01-01 08:03:03,1900-01-01 08:04:08.000286,1900-01-01 08:03:56.176088
7,5,43,1900-01-01 08:03:34,1900-01-01 08:04:33.000405,1900-01-01 08:04:08.075900
7,28,43,1900-01-01 08:03:34,1900-01-01 08:04:33.000405,1900-01-01 08:03:56.517697
7,38,43,1900-01-01 08:03:34,1900-01-01 08:04:33.000405,1900-01-01 08:03:42.000691
7,40,43,1900-01-01 08:03:34,1900-01-01 08:04:33.000405,1900-01-01 08:03:47.000381
7,50,43,1900-01-01 08:03:34,1900-01-01 08:04:33.000405,1900-01-01 08:03:58.808588
7,54,43,1900-01-01 08:03:34,1900-01-01 08:04:33.000405,1900-01-01 08:04:11.936423
8,47,7,1900-01-01 08:04:08,1900-01-01 08:04:34.000262,1900-01-01 08:04:28.000405
9,27,37,1900-01-01 08:04:52,1900-01-01 08:05:07.000215,1900-01-01 08:05:06.000167
10,2,43,1900-01-01 08:05:17,1900-01-01 08:06:21.000215,1900-01-01 08:06:10.753992
10,35,43,1900-01-01 08:05:17,1900-01-01 08:06:21.000215,1900-01-01 08:05:46.680032
10,39,43,1900-01-01 08:05:17,1900-01-01 08:06:21.000215,1900-01-01 08:05:31.518796
10,41,43,1900-01-01 08:05:17,1900-01-01 08:06:21.000215,1900-01-01 08:05:41.290027
10,50,43,1900-01-01 08:05:17,1900-01-01 08:06:21.000215,1900-01-01 08:05:27.000310
10,53,43,1900-01-01 08:05:17,1900-01-01 08:06:21.000215,1900-01-01 08:05:58.076084
10,54,43,1900-01-01 08:05:17,1900-01-01 08:06:21.000215,1900-01-01 08:05:51.193199
11,18,7,1900-01-01 08:05:41,1900-01-01 08:06:55.000262,1900-01-01 08:06:15.543200
11,21,7,1900-01-01 08:05:41,1900-01-01 08:06:55.000262,1900-01-01 08:06:04.122300
11,32,7,1900-01-01 08:05:41,1900-01-01 08:06:55.000262,1900-01-01 08:05:53.000477
11,34,7,1900-01-01 08:05:41,1900-01-01 08:06:55.000262,1900-01-01 08:06:19.586514
11,42,7,1900-01-01 08:05:41,1900-01-01 08:06:55.000262,1900-01-01 08:06:16.398002
11,44,7,1900-01-01 08:05:41,1900-01-01 08:06:55.000262,1900-01-01 08:06:04.708214
11,48,7,1900-01-01 08:05:41,1900-01-01 08:06:55.000262,1900-01-01 08:06:27.373530
12,9,37,1900-01-01 08:06:06,1900-01-01 08:07:18.000381,1900-01-01 08:06:34.624101
12,12,37,1900-01-01 08:06:06,1900-01-01 08:07:18.000381,1900-01-01 08:06:51.826722
12,15,37,1900-01-01 08:06:06,1900-01-01 08:07:18.000381,1900-01-01 08:06:37.213181
12,29,37,1900-01-01 08:06:06,1900-01-01 08:07:18.000381,1900-01-01 08:06:42.561411
12,38,37,1900-01-01 08:06:06,1900-01-01 08:07:18.000381,1900-01-01 08:06:14.000501
12,47,37,1900-01-01 08:06:06,1900-01-01 08:07:18.000381,1900-01-01 08:06:20.000739
12,48,37,1900-01-01 08:06:06,1900-01-01 08:07:18.000381,1900-01-01 08:06:57.003906
12,54,37,1900-01-01 08:06:06,1900-01-01 08:07:18.000381,1900-01-01 08:06:47.433995
13,14,43,1900-01-01 08:06:46,1900-01-01 08:07:54.000405,1900-01-01 08:06:59.000191
13,21,43,1900-01-01 08:06:46,1900-01-01 08:07:54.000405,1900-01-01 08:07:08.297707
13,22,43,1900-01-01 08:06:46,1900-01-01 08:07:54.000405,1900-01-01 08:07:15.645389
13,23,43,1900-01-01 08:06:46,1900-01-01 08:07:54.000405,1900-01-01 08:07:21.068602
13,41,43,1900-01-01 08:06:46,1900-01-01 08:07:54.000405,1900-01-01 08:07:01.799321
13,42,43,1900-01-01 08:06:46,1900-01-01 08:07:54.000405,1900-01-01 08:07:31.341913
13,47,43,1900-01-01 08:06:46,1900-01-01 08:07:54.000405,1900-01-01 08:07:36.930585
13,52,43,1900-01-01 08:06:46,1900-01-01 08:07:54.000405,1900-01-01 08:07:22.203803
13,53,43,1900-01-01 08:06:46,1900-01-01 08:07:54.000405,1900-01-01 08:07:39.722421
14,11,7,1900-01-01 08:07:12,1900-01-01 08:08:04.000191,1900-01-01 08:07:31.000596
14,24,7,1900-01-01 08:07:12,1900-01-01 08:08:04.000191,1900-01-01 08:07:42.026001
14,45,7,1900-01-01 08:07:12,1900-01-01 08:08:04.000191,1900-01-01 08:07:34.185603
14,52,7,1900-01-01 08:07:12,1900-01-01 08:08:04.000191,1900-01-01 08:07:44.475877
15,8,37,1900-01-01 08:07:42,1900-01-01 08:08:32.000310,1900-01-01 08:08:04.639291
15,10,37,1900-01-01 08:07:42,1900-01-01 08:08:32.000310,1900-01-01 08:08:23.076085
15,14,37,1900-01-01 08:07:42,1900-01-01 08:08:32.000310,1900-01-01 08:08:08.659122
15,17,37,1900-01-01 08:07:42,1900-01-01 08:08:32.000310,1900-01-01 08:08:26.865891
15,36,37,1900-01-01 08:07:42,1900-01-01 08:08:32.000310,1900-01-01 08:08:14.210415
15,41,37,1900-01-01 08:07:42,1900-01-01 08:08:32.000310,1900-01-01 08:07:56.000310
16,10,43,1900-01-01 08:08:20,1900-01-01 08:08:47.000429,1900-01-01 08:08:37.000310
16,30,43,1900-01-01 08:08:20,1900-01-01 08:08:47.000429,1900-01-01 08:08:42.885605
17,6,7,1900-01-01 08:08:50,1900-01-01 08:10:16.000310,1900-01-01 08:09:43.002904
17,8,7,1900-01-01 08:08:50,1900-01-01 08:10:16.000310,1900-01-01 08:09:02.000310
17,15,7,1900-01-01 08:08:50,1900-01-01 08:10:16.000310,1900-01-01 08:09:08.868412
17,18,7,1900-01-01 08:08:50,1900-01-01 08:10:16.000310,1900-01-01 08:09:30.890022
17,29,7,1900-01-01 08:08:50,1900-01-01 08:10:16.000310,1900-01-01 08:09:14.464982
17,44,7,1900-01-01 08:08:50,1900-01-01 08:10:16.000310,1900-01-01 08:09:20.013293
17,47,7,1900-01-01 08:08:50,1900-01-01 08:10:16.000310,1900-01-01 08:09:24.357090
17,50,7,1900-01-01 08:08:50,1900-01-01 08:10:16.000310,1900-01-01 08:09:37.837492
18,26,37,1900-01-01 08:09:15,1900-01-01 08:10:03.000119,1900-01-01 08:09:31.408813
18,33,37,1900-01-01 08:09:15,1900-01-01 08:10:03.000119,1900-01-01 08:09:35.447384
18,35,37,1900-01-01 08:09:15,1900-01-01 08:10:03.000119,1900-01-01 08:09:43.080004
18,39,37,1900-01-01 08:09:15,1900-01-01 08:10:03.000119,1900-01-01 08:09:24.000572
18,54,37,1900-01-01 08:09:15,1900-01-01 08:10:03.000119,1900-01-01 08:09:46.711071
19,5,43,1900-01-01 08:09:39,1900-01-01 08:10:44.000191,1900-01-01 08:10:23.907709
19,18,43,1900-01-01 08:09:39,1900-01-01 08:10:44.000191,1900-01-01 08:10:31.269002
19,21,43,1900-01-01 08:09:39,1900-01-01 08:10:44.000191,1900-01-01 08:10:14.019103
19,22,43,1900-01-01 08:09:39,1900-01-01 08:10:44.000191,1900-01-01 08:10:07.862993
19,29,43,1900-01-01 08:09:39,1900-01-01 08:10:44.000191,1900-01-01 08:10:35.505078
19,33,43,1900-01-01 08:09:39,1900-01-01 08:10:44.000191,1900-01-01 08:09:54.511501
19,45,43,1900-01-01 08:09:39,1900-01-01 08:10:44.000191,1900-01-01 08:09:49.000191
19,52,43,1900-01-01 08:09:39,1900-01-01 08:10:44.000191,1900-01-01 08:09:59.832600
20,16,7,1900-01-01 08:10:10,1900-01-01 08:11:10.000215,1900-01-01 08:10:23.000119
20,23,7,1900-01-01 08:10:10,1900-01-01 08:11:10.000215,1900-01-01 08:10:28.634885
20,40,7,1900-01-01 08:10:10,1900-01-01 08:11:10.000215,1900-01-01 08:10:34.024693
20,42,7,1900-01-01 08:10:10,1900-01-01 08:11:10.000215,1900-01-01 08:10:41.244799
20,47,7,1900-01-01 08:10:10,1900-01-01 08:11:10.000215,1900-01-01 08:10:42.382030
20,48,7,1900-01-01 08:10:10,1900-01-01 08:11:10.000215,1900-01-01 08:10:51.803100
21,2,37,1900-01-01 08:10:44,1900-01-01 08:10:58.000310,1900-01-01 08:11:04.000191
22,4,43,1900-01-01 08:11:31,1900-01-01 08:12:31.000215,1900-01-01 08:12:05.803003
22,11,43,1900-01-01 08:11:31,1900-01-01 08:12:31.000215,1900-01-01 08:12:11.861124
22,16,43,1900-01-01 08:11:31,1900-01-01 08:12:31.000215,1900-01-01 08:12:24.456613
22,28,43,1900-01-01 08:11:31,1900-01-01 08:12:31.000215,1900-01-01 08:12:00.893581
22,33,43,1900-01-01 08:11:31,1900-01-01 08:12:31.000215,1900-01-01 08:11:52.855914
22,39,43,1900-01-01 08:11:31,1900-01-01 08:12:31.000215,1900-01-01 08:11:42.000191
22,51,43,1900-01-01 08:11:31,1900-01-01 08:12:31.000215,1900-01-01 08:11:48.768417
22,52,43,1900-01-01 08:11:31,1900-01-01 08:12:31.000215,1900-01-01 08:12:17.510095
23,2,7,1900-01-01 08:12:03,1900-01-01 08:13:10.001001,1900-01-01 08:12:25.439590
23,3,7,1900-01-01 08:12:03,1900-01-01 08:13:10.001001,1900-01-01 08:12:14.000095
23,12,7,1900-01-01 08:12:03,1900-01-01 08:13:10.001001,1900-01-01 08:12:40.734409
23,45,7,1900-01-01 08:12:03,1900-01-01 08:13:10.001001,1900-01-01 08:12:28.502195
23,52,7,1900-01-01 08:12:03,1900-01-01 08:13:10.001001,1900-01-01 08:12:33.222291
23,54,7,1900-01-01 08:12:03,1900-01-01 08:13:10.001001,1900-01-01 08:12:49.437410
24,2,37,1900-01-01 08:12:36,1900-01-01 08:13:31.000310,1900-01-01 08:12:50.000310
24,6,37,1900-01-01 08:12:36,1900-01-01 08:13:31.000310,1900-01-01 08:13:21.982316
24,17,37,1900-01-01 08:12:36,1900-01-01 08:13:31.000310,1900-01-01 08:13:00.773186
24,23,37,1900-01-01 08:12:36,1900-01-01 08:13:31.000310,1900-01-01 08:13:07.140084
24,24,37,1900-01-01 08:12:36,1900-01-01 08:13:31.000310,1900-01-01 08:13:12.130710
24,27,37,1900-01-01 08:12:36,1900-01-01 08:13:31.000310,1900-01-01 08:12:53.143287
25,4,43,1900-01-01 08:13:01,1900-01-01 08:13:56.000381,1900-01-01 08:13:31.752868
25,11,43,1900-01-01 08:13:01,1900-01-01 08:13:56.000381,1900-01-01 08:13:37.202210
25,21,43,1900-01-01 08:13:01,1900-01-01 08:13:56.000381,1900-01-01 08:13:17.000215
25,27,43,1900-01-01 08:13:01,1900-01-01 08:13:56.000381,1900-01-01 08:13:21.504107
25,29,43,1900-01-01 08:13:01,1900-01-01 08:13:56.000381,1900-01-01 08:13:44.012518
25,41,43,1900-01-01 08:13:01,1900-01-01 08:13:56.000381,1900-01-01 08:13:37.233391
26,2,7,1900-01-01 08:13:32,1900-01-01 08:14:40.000310,1900-01-01 08:13:47.000525
26,15,7,1900-01-01 08:13:32,1900-01-01 08:14:40.000310,1900-01-01 08:13:57.500717
26,27,7,1900-01-01 08:13:32,1900-01-01 08:14:40.000310,1900-01-01 08:14:01.325284
26,33,7,1900-01-01 08:13:32,1900-01-01 08:14:40.000310,1900-01-01 08:13:50.419589
26,38,7,1900-01-01 08:13:32,1900-01-01 08:14:40.000310,1900-01-01 08:14:09.834303
26,48,7,1900-01-01 08:13:32,1900-01-01 08:14:40.000310,1900-01-01 08:14:21.234297
26,51,7,1900-01-01 08:13:32,1900-01-01 08:14:40.000310,1900-01-01 08:14:14.608612
27,3,37,1900-01-01 08:14:05,1900-01-01 08:14:58.000310,1900-01-01 08:14:45.190789
27,16,37,1900-01-01 08:14:05,1900-01-01 08:14:58.000310,1900-01-01 08:14:37.946892
27,18,37,1900-01-01 08:14:05,1900-01-01 08:14:58.000310,1900-01-01 08:14:50.948004
27,27,37,1900-01-01 08:14:05,1900-01-01 08:14:58.000310,1900-01-01 08:14:29.965586
27,32,37,1900-01-01 08:14:05,1900-01-01 08:14:58.000310,1900-01-01 08:14:17.000405
27,51,37,1900-01-01 08:14:05,1900-01-01 08:14:58.000310,1900-01-01 08:14:22.456901
28,2,43,1900-01-01 08:14:32,1900-01-01 08:15:34.000405,1900-01-01 08:14:47.000095
28,11,43,1900-01-01 08:14:32,1900-01-01 08:15:34.000405,1900-01-01 08:15:12.208172
28,24,43,1900-01-01 08:14:32,1900-01-01 08:15:34.000405,1900-01-01 08:15:03.545897
28,40,43,1900-01-01 08:14:32,1900-01-01 08:15:34.000405,1900-01-01 08:14:58.270406
28,44,43,1900-01-01 08:14:32,1900-01-01 08:15:34.000405,1900-01-01 08:14:51.140804
28,48,43,1900-01-01 08:14:32,1900-01-01 08:15:34.000405,1900-01-01 08:15:14.712112
29,5,7,1900-01-01 08:15:05,1900-01-01 08:16:33.000405,1900-01-01 08:15:37.192513
29,11,7,1900-01-01 08:15:05,1900-01-01 08:16:33.000405,1900-01-01 08:15:48.856997
29,17,7,1900-01-01 08:15:05,1900-01-01 08:16:33.000405,1900-01-01 08:15:30.206107
29,20,7,1900-01-01 08:15:05,1900-01-01 08:16:33.000405,1900-01-01 08:15:17.000095
29,28,7,1900-01-01 08:15:05,1900-01-01 08:16:33.000405,1900-01-01 08:15:21.000215
29,30,7,1900-01-01 08:15:05,1900-01-01 08:16:33.000405,1900-01-01 08:15:50.976515
29,40,7,1900-01-01 08:15:05,1900-01-01 08:16:33.000405,1900-01-01 08:15:39.579006
29,45,7,1900-01-01 08:15:05,1900-01-01 08:16:33.000405,1900-01-01 08:16:03.006497
29,52,7,1900-01-01 08:15:05,1900-01-01 08:16:33.000405,1900-01-01 08:15:55.481075
29,54,7,1900-01-01 08:15:05,1900-01-01 08:16:33.000405,1900-01-01 08:16:10.267467
30,18,37,1900-01-01 08:15:33,1900-01-01 08:16:19.000191,1900-01-01 08:16:11.798093
30,21,37,1900-01-01 08:15:33,1900-01-01 08:16:19.000191,1900-01-01 08:15:50.269293
30,22,37,1900-01-01 08:15:33,1900-01-01 08:16:19.000191,1900-01-01 08:15:55.780696
30,24,37,1900-01-01 08:15:33,1900-01-01 08:16:19.000191,1900-01-01 08:16:03.319209
30,32,37,1900-01-01 08:15:33,1900-01-01 08:16:19.000191,1900-01-01 08:15:43.000191
31,14,43,1900-01-01 08:15:59,1900-01-01 08:16:38.000405,1900-01-01 08:16:12.000596
31,20,43,1900-01-01 08:15:59,1900-01-01 08:16:38.000405,1900-01-01 08:16:18.014896
31,30,43,1900-01-01 08:15:59,1900-01-01 08:16:38.000405,1900-01-01 08:16:28.888673
31,45,43,1900-01-01 08:15:59,1900-01-01 08:16:38.000405,1900-01-01 08:16:21.508183
32,27,7,1900-01-01 08:16:25,1900-01-01 08:16:52.000310,1900-01-01 08:16:40.000310
32,41,7,1900-01-01 08:16:25,1900-01-01 08:16:52.000310,1900-01-01 08:16:47.855609
33,3,37,1900-01-01 08:17:03,1900-01-01 08:18:34.000310,1900-01-01 08:18:14.814099
33,14,37,1900-01-01 08:17:03,1900-01-01 08:18:34.000310,1900-01-01 08:17:42.569488
33,22,37,1900-01-01 08:17:03,1900-01-01 08:18:34.000310,1900-01-01 08:17:54.208297
33,26,37,1900-01-01 08:17:03,1900-01-01 08:18:34.000310,1900-01-01 08:17:24.036589
33,27,37,1900-01-01 08:17:03,1900-01-01 08:18:34.000310,1900-01-01 08:17:36.935417
33,32,37,1900-01-01 08:17:03,1900-01-01 08:18:34.000310,1900-01-01 08:17:19.634213
33,33,37,1900-01-01 08:17:03,1900-01-01 08:18:34.000310,1900-01-01 08:17:14.000095
33,35,37,1900-01-01 08:17:03,1900-01-01 08:18:34.000310,1900-01-01 08:18:19.070397
33,36,37,1900-01-01 08:17:03,1900-01-01 08:18:34.000310,1900-01-01 08:18:00.964700
33,39,37,1900-01-01 08:17:03,1900-01-01 08:18:34.000310,1900-01-01 08:17:30.945222
33,41,37,1900-01-01 08:17:03,1900-01-01 08:18:34.000310,1900-01-01 08:18:10.013209
33,42,37,1900-01-01 08:17:03,1900-01-01 08:18:34.000310,1900-01-01 08:17:48.701495
34,2,43,1900-01-01 08:17:37,1900-01-01 08:18:48.000286,1900-01-01 08:17:52.000405
34,3,43,1900-01-01 08:17:37,1900-01-01 08:18:48.000286,1900-01-01 08:18:36.768412
34,14,43,1900-01-01 08:17:37,1900-01-01 08:18:48.000286,1900-01-01 08:18:03.050201
34,15,43,1900-01-01 08:17:37,1900-01-01 08:18:48.000286,1900-01-01 08:18:26.153107
34,27,43,1900-01-01 08:17:37,1900-01-01 08:18:48.000286,1900-01-01 08:18:12.249199
34,32,43,1900-01-01 08:17:37,1900-01-01 08:18:48.000286,1900-01-01 08:17:51.756594
34,34,43,1900-01-01 08:17:37,1900-01-01 08:18:48.000286,1900-01-01 08:18:17.284289
34,40,43,1900-01-01 08:17:37,1900-01-01 08:18:48.000286,1900-01-01 08:18:08.651967
34,52,43,1900-01-01 08:17:37,1900-01-01 08:18:48.000286,1900-01-01 08:18:41.725967
35,2,7,1900-01-01 08:18:06,1900-01-01 08:19:44.001097,1900-01-01 08:18:20.000095
35,11,7,1900-01-01 08:18:06,1900-01-01 08:19:44.001097,1900-01-01 08:18:38.541389
35,12,7,1900-01-01 08:18:06,1900-01-01 08:19:44.001097,1900-01-01 08:18:57.393385
35,15,7,1900-01-01 08:18:06,1900-01-01 08:19:44.001097,1900-01-01 08:18:25.384589
35,18,7,1900-01-01 08:18:06,1900-01-01 08:19:44.001097,1900-01-01 08:19:19.084054
35,24,7,1900-01-01 08:18:06,1900-01-01 08:19:44.001097,1900-01-01 08:19:06.925316
35,27,7,1900-01-01 08:18:06,1900-01-01 08:19:44.001097,1900-01-01 08:18:39.560815
35,32,7,1900-01-01 08:18:06,1900-01-01 08:19:44.001097,1900-01-01 08:18:34.853502
35,40,7,1900-01-01 08:18:06,1900-01-01 08:19:44.001097,1900-01-01 08:18:51.994784
35,47,7,1900-01-01 08:18:06,1900-01-01 08:19:44.001097,1900-01-01 08:19:35.805817
35,51,7,1900-01-01 08:18:06,1900-01-01 08:19:44.001097,1900-01-01 08:19:16.862176
36,3,37,1900-01-01 08:18:36,1900-01-01 08:19:28.000477,1900-01-01 08:18:52.000501
36,24,37,1900-01-01 08:18:36,1900-01-01 08:19:28.000477,1900-01-01 08:19:31.462919
36,29,37,1900-01-01 08:18:36,1900-01-01 08:19:28.000477,1900-01-01 08:19:12.563700
36,32,37,1900-01-01 08:18:36,1900-01-01 08:19:28.000477,1900-01-01 08:19:05.915878
36,45,37,1900-01-01 08:18:36,1900-01-01 08:19:28.000477,1900-01-01 08:19:14.188902
37,28,43,1900-01-01 08:19:04,1900-01-01 08:19:52.000691,1900-01-01 08:19:20.000191
37,30,43,1900-01-01 08:19:04,1900-01-01 08:19:52.000691,1900-01-01 08:19:34.145212
37,38,43,1900-01-01 08:19:04,1900-01-01 08:19:52.000691,1900-01-01 08:19:24.382822
37,46,43,1900-01-01 08:19:04,1900-01-01 08:19:52.000691,1900-01-01 08:19:34.936687
37,52,43,1900-01-01 08:19:04,1900-01-01 08:19:52.000691,1900-01-01 08:19:40.595887
38,3,7,1900-01-01 08:19:32,1900-01-01 08:20:44.000811,1900-01-01 08:19:43.000596
38,10,7,1900-01-01 08:19:32,1900-01-01 08:20:44.000811,1900-01-01 08:19:53.559564
38,11,7,1900-01-01 08:19:32,1900-01-01 08:20:44.000811,1900-01-01 08:20:05.407109
38,20,7,1900-01-01 08:19:32,1900-01-01 08:20:44.000811,1900-01-01 08:19:47.648590
38,26,7,1900-01-01 08:19:32,1900-01-01 08:20:44.000811,1900-01-01 08:19:56.707592
38,45,7,1900-01-01 08:19:32,1900-01-01 08:20:44.000811,1900-01-01 08:19:59.531686
38,54,7,1900-01-01 08:19:32,1900-01-01 08:20:44.000811,1900-01-01 08:20:09.381790
39,14,37,1900-01-01 08:19:55,1900-01-01 08:20:59.001168,1900-01-01 08:20:11.000215
39,16,37,1900-01-01 08:19:55,1900-01-01 08:20:59.001168,1900-01-01 08:20:22.169413
39,22,37,1900-01-01 08:19:55,1900-01-01 08:20:59.001168,1900-01-01 08:20:23.790276
39,32,37,1900-01-01 08:19:55,1900-01-01 08:20:59.001168,1900-01-01 08:20:11.228187
39,41,37,1900-01-01 08:19:55,1900-01-01 08:20:59.001168,1900-01-01 08:20:12.680730
39,45,37,1900-01-01 08:19:55,1900-01-01 08:20:59.001168,1900-01-01 08:20:18.218280
39,48,37,1900-01-01 08:19:55,1900-01-01 08:20:59.001168,1900-01-01 08:20:22.596900
40,16,43,1900-01-01 08:20:32,1900-01-01 08:21:29.000477,1900-01-01 08:20:49.000405
40,17,43,1900-01-01 08:20:32,1900-01-01 08:21:29.000477,1900-01-01 08:21:06.905881
40,27,43,1900-01-01 08:20:32,1900-01-01 08:21:29.000477,1900-01-01 08:20:51.018592
40,33,43,1900-01-01 08:20:32,1900-01-01 08:21:29.000477,1900-01-01 08:20:53.740806
40,45,43,1900-01-01 08:20:32,1900-01-01 08:21:29.000477,1900-01-01 08:21:06.531798
40,48,43,1900-01-01 08:20:32,1900-01-01 08:21:29.000477,1900-01-01 08:21:19.506591
40,53,43,1900-01-01 08:20:32,1900-01-01 08:21:29.000477,1900-01-01 08:21:12.912714
41,2,7,1900-01-01 08:21:02,1900-01-01 08:21:42.000381,1900-01-01 08:21:21.479503
41,8,7,1900-01-01 08:21:02,1900-01-01 08:21:42.000381,1900-01-01 08:21:14.000286
41,23,7,1900-01-01 08:21:02,1900-01-01 08:21:42.000381,1900-01-01 08:21:26.078076
41,36,7,1900-01-01 08:21:02,1900-01-01 08:21:42.000381,1900-01-01 08:21:31.622813
42,18,37,1900-01-01 08:21:32,1900-01-01 08:22:30.001121,1900-01-01 08:22:11.145489
42,22,37,1900-01-01 08:21:32,1900-01-01 08:22:30.001121,1900-01-01 08:22:02.665200
42,28,37,1900-01-01 08:21:32,1900-01-01 08:22:30.001121,1900-01-01 08:21:55.427310
42,30,37,1900-01-01 08:21:32,1900-01-01 08:22:30.001121,1900-01-01 08:22:08.411996
42,32,37,1900-01-01 08:21:32,1900-01-01 08:22:30.001121,1900-01-01 08:21:42.000215
42,51,37,1900-01-01 08:21:32,1900-01-01 08:22:30.001121,1900-01-01 08:21:46.940084
43,8,43,1900-01-01 08:22:03,1900-01-01 08:23:20.000405,1900-01-01 08:22:20.394889
43,12,43,1900-01-01 08:22:03,1900-01-01 08:23:20.000405,1900-01-01 08:22:53.736190
43,14,43,1900-01-01 08:22:03,1900-01-01 08:23:20.000405,1900-01-01 08:22:30.217904
43,17,43,1900-01-01 08:22:03,1900-01-01 08:23:20.000405,1900-01-01 08:22:47.744299
43,34,43,1900-01-01 08:22:03,1900-01-01 08:23:20.000405,1900-01-01 08:22:36.648412
43,36,43,1900-01-01 08:22:03,1900-01-01 08:23:20.000405,1900-01-01 08:22:41.369485
43,39,43,1900-01-01 08:22:03,1900-01-01 08:23:20.000405,1900-01-01 08:22:13.000215
43,53,43,1900-01-01 08:22:03,1900-01-01 08:23:20.000405,1900-01-01 08:22:24.815314
44,27,7,1900-01-01 08:22:33,1900-01-01 08:23:10.000525,1900-01-01 08:22:48.000310
44,51,7,1900-01-01 08:22:33,1900-01-01 08:23:10.000525,1900-01-01 08:22:53.000808
44,53,7,1900-01-01 08:22:33,1900-01-01 08:23:10.000525,1900-01-01 08:22:58.323816
45,23,37,1900-01-01 08:22:59,1900-01-01 08:23:17.000215,1900-01-01 08:23:18.000215
46,15,43,1900-01-01 08:23:24,1900-01-01 08:24:16.000310,1900-01-01 08:23:53.593486
46,24,43,1900-01-01 08:23:24,1900-01-01 08:24:16.000310,1900-01-01 08:23:59.624715
46,26,43,1900-01-01 08:23:24,1900-01-01 08:24:16.000310,1900-01-01 08:23:40.381990
46,32,43,1900-01-01 08:23:24,1900-01-01 08:24:16.000310,1900-01-01 08:23:35.000191
46,53,43,1900-01-01 08:23:24,1900-01-01 08:24:16.000310,1900-01-01 08:23:46.570720
47,4,7,1900-01-01 08:23:52,1900-01-01 08:24:40.000310,1900-01-01 08:24:10.000405
47,18,7,1900-01-01 08:23:52,1900-01-01 08:24:40.000310,1900-01-01 08:24:26.023591
47,51,7,1900-01-01 08:23:52,1900-01-01 08:24:40.000310,1900-01-01 08:24:14.528402
47,52,7,1900-01-01 08:23:52,1900-01-01 08:24:40.000310,1900-01-01 08:24:19.683705
48,8,37,1900-01-01 08:24:18,1900-01-01 08:25:17.000286,1900-01-01 08:24:30.000310
48,20,37,1900-01-01 08:24:18,1900-01-01 08:25:17.000286,1900-01-01 08:24:53.161294
48,33,37,1900-01-01 08:24:18,1900-01-01 08:25:17.000286,1900-01-01 08:25:05.367395
48,34,37,1900-01-01 08:24:18,1900-01-01 08:25:17.000286,1900-01-01 08:24:57.477910
48,38,37,1900-01-01 08:24:18,1900-01-01 08:25:17.000286,1900-01-01 08:24:32.611395
48,40,37,1900-01-01 08:24:18,1900-01-01 08:25:17.000286,1900-01-01 08:24:39.363008
48,51,37,1900-01-01 08:24:18,1900-01-01 08:25:17.000286,1900-01-01 08:24:45.497303
49,2,43,1900-01-01 08:24:43,1900-01-01 08:25:30.000596,1900-01-01 08:25:08.494280
49,24,43,1900-01-01 08:24:43,1900-01-01 08:25:30.000596,1900-01-01 08:25:15.224818
49,26,43,1900-01-01 08:24:43,1900-01-01 08:25:30.000596,1900-01-01 08:25:01.869006
49,46,43,1900-01-01 08:24:43,1900-01-01 08:25:30.000596,1900-01-01 08:24:55.000191
50,18,7,1900-01-01 08:25:13,1900-01-01 08:26:43.000310,1900-01-01 08:25:56.154283
50,27,7,1900-01-01 08:25:13,1900-01-01 08:26:43.000310,1900-01-01 08:25:40.012505
50,32,7,1900-01-01 08:25:13,1900-01-01 08:26:43.000310,1900-01-01 08:25:25.000310
50,35,7,1900-01-01 08:25:13,1900-01-01 08:26:43.000310,1900-01-01 08:26:04.609465
50,36,7,1900-01-01 08:25:13,1900-01-01 08:26:43.000310,1900-01-01 08:25:50.536473
50,44,7,1900-01-01 08:25:13,1900-01-01 08:26:43.000310,1900-01-01 08:25:31.610323
50,46,7,1900-01-01 08:25:13,1900-01-01 08:26:43.000310,1900-01-01 08:26:14.744307
50,50,7,1900-01-01 08:25:13,1900-01-01 08:26:43.000310,1900-01-01 08:25:44.857100
50,53,7,1900-01-01 08:25:13,1900-01-01 08:26:43.000310,1900-01-01 08:26:11.093712
51,2,37,1900-01-01 08:25:39,1900-01-01 08:26:33.000167,1900-01-01 08:26:07.086109
51,27,37,1900-01-01 08:25:39,1900-01-01 08:26:33.000167,1900-01-01 08:25:53.000215
51,28,37,1900-01-01 08:25:39,1900-01-01 08:26:33.000167,1900-01-01 08:25:59.947901
51,38,37,1900-01-01 08:25:39,1900-01-01 08:26:33.000167,1900-01-01 08:25:46.000167
51,53,37,1900-01-01 08:25:39,1900-01-01 08:26:33.000167,1900-01-01 08:26:10.251475
52,28,43,1900-01-01 08:26:05,1900-01-01 08:27:06.000310,1900-01-01 08:26:25.336405
52,35,43,1900-01-01 08:26:05,1900-01-01 08:27:06.000310,1900-01-01 08:26:38.069676
52,36,43,1900-01-01 08:26:05,1900-01-01 08:27:06.000310,1900-01-01 08:26:47.838593
52,38,43,1900-01-01 08:26:05,1900-01-01 08:27:06.000310,1900-01-01 08:26:25.805681
52,39,43,1900-01-01 08:26:05,1900-01-01 08:27:06.000310,1900-01-01 08:26:15.000286
52,53,43,1900-01-01 08:26:05,1900-01-01 08:27:06.000310,1900-01-01 08:26:49.163176
52,54,43,1900-01-01 08:26:05,1900-01-01 08:27:06.000310,1900-01-01 08:26:39.639209
53,12,7,1900-01-01 08:26:43,1900-01-01 08:27:13.000286,1900-01-01 08:27:08.382277
53,41,7,1900-01-01 08:26:43,1900-01-01 08:27:13.000286,1900-01-01 08:27:02.000405
54,4,37,1900-01-01 08:27:05,1900-01-01 08:28:14.000167,1900-01-01 08:28:00.155724
54,14,37,1900-01-01 08:27:05,1900-01-01 08:28:14.000167,1900-01-01 08:27:22.587721
54,15,37,1900-01-01 08:27:05,1900-01-01 08:28:14.000167,1900-01-01 08:28:06.269205
54,26,37,1900-01-01 08:27:05,1900-01-01 08:28:14.000167,1900-01-01 08:27:27.482121
54,32,37,1900-01-01 08:27:05,1900-01-01 08:28:14.000167,1900-01-01 08:27:15.000215
54,33,37,1900-01-01 08:27:05,1900-01-01 08:28:14.000167,1900-01-01 08:27:35.670108
54,35,37,1900-01-01 08:27:05,1900-01-01 08:28:14.000167,1900-01-01 08:27:53.234192
54,42,37,1900-01-01 08:27:05,1900-01-01 08:28:14.000167,1900-01-01 08:27:44.755907
55,2,43,1900-01-01 08:27:31,1900-01-01 08:28:23.000215,1900-01-01 08:28:10.497086
55,9,43,1900-01-01 08:27:31,1900-01-01 08:28:23.000215,1900-01-01 08:28:15.283577
55,21,43,1900-01-01 08:27:31,1900-01-01 08:28:23.000215,1900-01-01 08:27:50.716993
55,27,43,1900-01-01 08:27:31,1900-01-01 08:28:23.000215,1900-01-01 08:27:59.177728
55,34,43,1900-01-01 08:27:31,1900-01-01 08:28:23.000215,1900-01-01 08:27:54.056688
55,51,43,1900-01-01 08:27:31,1900-01-01 08:28:23.000215,1900-01-01 08:27:43.000405
56,2,7,1900-01-01 08:28:07,1900-01-01 08:29:11.000262,1900-01-01 08:28:21.000167
56,23,7,1900-01-01 08:28:07,1900-01-01 08:29:11.000262,1900-01-01 08:28:26.000286
56,24,7,1900-01-01 08:28:07,1900-01-01 08:29:11.000262,1900-01-01 08:28:32.168699
56,36,7,1900-01-01 08:28:07,1900-01-01 08:29:11.000262,1900-01-01 08:28:43.627002
56,39,7,1900-01-01 08:28:07,1900-01-01 08:29:11.000262,1900-01-01 08:28:36.488176
56,42,7,1900-01-01 08:28:07,1900-01-01 08:29:11.000262,1900-01-01 08:28:47.301795
57,9,37,1900-01-01 08:28:31,1900-01-01 08:29:17,1900-01-01 08:29:04.169599
57,15,37,1900-01-01 08:28:31,1900-01-01 08:29:17,1900-01-01 08:28:48.000119
57,23,37,1900-01-01 08:28:31,1900-01-01 08:29:17,1900-01-01 08:28:59.132505
57,29,37,1900-01-01 08:28:31,1900-01-01 08:29:17,1900-01-01 08:28:52.247785
57,44,37,1900-01-01 08:28:31,1900-01-01 08:29:17,1900-01-01 08:28:40.000381
58,3,43,1900-01-01 08:28:50,1900-01-01 08:29:55.000286,1900-01-01 08:29:12.039382
58,4,43,1900-01-01 08:28:50,1900-01-01 08:29:55.000286,1900-01-01 08:29:44.946589
58,5,43,1900-01-01 08:28:50,1900-01-01 08:29:55.000286,1900-01-01 08:29:22.775899
58,6,43,1900-01-01 08:28:50,1900-01-01 08:29:55.000286,1900-01-01 08:29:58.503788
58,11,43,1900-01-01 08:28:50,1900-01-01 08:29:55.000286,1900-01-01 08:29:15.147408
58,16,43,1900-01-01 08:28:50,1900-01-01 08:29:55.000286,1900-01-01 08:29:44.056879
58,22,43,1900-01-01 08:28:50,1900-01-01 08:29:55.000286,1900-01-01 08:29:24.392612
58,27,43,1900-01-01 08:28:50,1900-01-01 08:29:55.000286,1900-01-01 08:29:28.523498
58,46,43,1900-01-01 08:28:50,1900-01-01 08:29:55.000286,1900-01-01 08:29:01.000286
59,2,7,1900-01-01 08:29:22,1900-01-01 08:31:04.000191,1900-01-01 08:29:47.046387
59,4,7,1900-01-01 08:29:22,1900-01-01 08:31:04.000191,1900-01-01 08:29:56.180897
59,9,7,1900-01-01 08:29:22,1900-01-01 08:31:04.000191,1900-01-01 08:29:36.000501
59,16,7,1900-01-01 08:29:22,1900-01-01 08:31:04.000191,1900-01-01 08:29:41.884003
59,23,7,1900-01-01 08:29:22,1900-01-01 08:31:04.000191,1900-01-01 08:30:03.243309
59,24,7,1900-01-01 08:29:22,1900-01-01 08:31:04.000191,1900-01-01 08:30:09.895927
59,26,7,1900-01-01 08:29:22,1900-01-01 08:31:04.000191,1900-01-01 08:29:51.441392
59,29,7,1900-01-01 08:29:22,1900-01-01 08:31:04.000191,1900-01-01 08:30:20.628100
59,35,7,1900-01-01 08:29:22,1900-01-01 08:31:04.000191,1900-01-01 08:30:15.853019
59,47,7,1900-01-01 08:29:22,1900-01-01 08:31:04.000191,1900-01-01 08:30:21.233408
59,48,7,1900-01-01 08:29:22,1900-01-01 08:31:04.000191,1900-01-01 08:30:42.773894
59,52,7,1900-01-01 08:29:22,1900-01-01 08:31:04.000191,1900-01-01 08:30:23.527183
60,47,37,1900-01-01 08:30:01,1900-01-01 08:30:21.000310,1900-01-01 08:30:15.000596
61,3,43,1900-01-01 08:30:31,1900-01-01 08:31:19.000405,1900-01-01 08:30:58.706717
61,8,43,1900-01-01 08:30:31,1900-01-01 08:31:19.000405,1900-01-01 08:30:44.000215
61,14,43,1900-01-01 08:30:31,1900-01-01 08:31:19.000405,1900-01-01 08:30:49.562401
61,17,43,1900-01-01 08:30:31,1900-01-01 08:31:19.000405,1900-01-01 08:31:04.653015
61,47,43,1900-01-01 08:30:31,1900-01-01 08:31:19.000405,1900-01-01 08:30:59.119701
62,26,7,1900-01-01 08:31:01,1900-01-01 08:31:33.000215,1900-01-01 08:31:14.000310
62,27,7,1900-01-01 08:31:01,1900-01-01 08:31:33.000215,1900-01-01 08:31:16.635314
62,41,7,1900-01-01 08:31:01,1900-01-01 08:31:33.000215,1900-01-01 08:31:24.000310
63,8,37,1900-01-01 08:31:30,1900-01-01 08:31:59.000310,1900-01-01 08:31:44.878571
63,33,37,1900-01-01 08:31:30,1900-01-01 08:31:59.000310,1900-01-01 08:31:51.316303
63,39,37,1900-01-01 08:31:30,1900-01-01 08:31:59.000310,1900-01-01 08:31:40.000215
64,5,43,1900-01-01 08:31:56,1900-01-01 08:32:58.000405,1900-01-01 08:32:47.848699
64,14,43,1900-01-01 08:31:56,1900-01-01 08:32:58.000405,1900-01-01 08:32:14.622792
64,21,43,1900-01-01 08:31:56,1900-01-01 08:32:58.000405,1900-01-01 08:32:29.692684
64,22,43,1900-01-01 08:31:56,1900-01-01 08:32:58.000405,1900-01-01 08:32:37.871232
64,28,43,1900-01-01 08:31:56,1900-01-01 08:32:58.000405,1900-01-01 08:32:24.865783
64,46,43,1900-01-01 08:31:56,1900-01-01 08:32:58.000405,1900-01-01 08:32:18.570292
64,47,43,1900-01-01 08:31:56,1900-01-01 08:32:58.000405,1900-01-01 08:32:09.000215
65,30,7,1900-01-01 08:32:24,1900-01-01 08:33:14.000167,1900-01-01 08:32:51.285786
65,44,7,1900-01-01 08:32:24,1900-01-01 08:33:14.000167,1900-01-01 08:32:37.000191
65,47,7,1900-01-01 08:32:24,1900-01-01 08:33:14.000167,1900-01-01 08:32:44.783276
65,52,7,1900-01-01 08:32:24,1900-01-01 08:33:14.000167,1900-01-01 08:32:55.882996
66,4,37,1900-01-01 08:32:48,1900-01-01 08:34:26.000381,1900-01-01 08:33:44.165194
66,9,37,1900-01-01 08:32:48,1900-01-01 08:34:26.000381,1900-01-01 08:33:25.818093
66,11,37,1900-01-01 08:32:48,1900-01-01 08:34:26.000381,1900-01-01 08:33:55.350077
66,17,37,1900-01-01 08:32:48,1900-01-01 08:34:26.000381,1900-01-01 08:33:48.321400
66,20,37,1900-01-01 08:32:48,1900-01-01 08:34:26.000381,1900-01-01 08:33:06.922102
66,30,37,1900-01-01 08:32:48,1900-01-01 08:34:26.000381,1900-01-01 08:33:34.467013
66,32,37,1900-01-01 08:32:48,1900-01-01 08:34:26.000381,1900-01-01 08:33:00.777790
66,35,37,1900-01-01 08:32:48,1900-01-01 08:34:26.000381,1900-01-01 08:33:26.956373
66,38,37,1900-01-01 08:32:48,1900-01-01 08:34:26.000381,1900-01-01 08:32:55.000310
66,41,37,1900-01-01 08:32:48,1900-01-01 08:34:26.000381,1900-01-01 08:33:13.053634
66,54,37,1900-01-01 08:32:48,1900-01-01 08:34:26.000381,1900-01-01 08:33:55.488002
67,2,43,1900-01-01 08:33:19,1900-01-01 08:34:43.000310,1900-01-01 08:33:57.067098
67,6,43,1900-01-01 08:33:19,1900-01-01 08:34:43.000310,1900-01-01 08:34:08.415181
67,12,43,1900-01-01 08:33:19,1900-01-01 08:34:43.000310,1900-01-01 08:34:28.539596
67,16,43,1900-01-01 08:33:19,1900-01-01 08:34:43.000310,1900-01-01 08:33:57.218300
67,20,43,1900-01-01 08:33:19,1900-01-01 08:34:43.000310,1900-01-01 08:33:44.386417
67,26,43,1900-01-01 08:33:19,1900-01-01 08:34:43.000310,1900-01-01 08:33:31.000381
67,29,43,1900-01-01 08:33:19,1900-01-01 08:34:43.000310,1900-01-01 08:34:23.683311
67,36,43,1900-01-01 08:33:19,1900-01-01 08:34:43.000310,1900-01-01 08:34:16.244307
67,41,43,1900-01-01 08:33:19,1900-01-01 08:34:43.000310,1900-01-01 08:34:20.245085
67,42,43,1900-01-01 08:33:19,1900-01-01 08:34:43.000310,1900-01-01 08:34:40.155996
68,12,7,1900-01-01 08:33:40,1900-01-01 08:35:02.000596,1900-01-01 08:34:09.197090
68,23,7,1900-01-01 08:33:40,1900-01-01 08:35:02.000596,1900-01-01 08:34:08.914517
68,32,7,1900-01-01 08:33:40,1900-01-01 08:35:02.000596,1900-01-01 08:34:00.321495
68,34,7,1900-01-01 08:33:40,1900-01-01 08:35:02.000596,1900-01-01 08:34:14.800395
68,41,7,1900-01-01 08:33:40,1900-01-01 08:35:02.000596,1900-01-01 08:34:35.378499
68,45,7,1900-01-01 08:33:40,1900-01-01 08:35:02.000596,1900-01-01 08:34:27.349204
68,51,7,1900-01-01 08:33:40,1900-01-01 08:35:02.000596,1900-01-01 08:34:37.552018
68,54,7,1900-01-01 08:33:40,1900-01-01 08:35:02.000596,1900-01-01 08:34:40.643381
69,18,37,1900-01-01 08:34:07,1900-01-01 08:35:28.000405,1900-01-01 08:34:27.000596
69,23,37,1900-01-01 08:34:07,1900-01-01 08:35:28.000405,1900-01-01 08:34:32.814957
69,24,37,1900-01-01 08:34:07,1900-01-01 08:35:28.000405,1900-01-01 08:34:38.478082
69,34,37,1900-01-01 08:34:07,1900-01-01 08:35:28.000405,1900-01-01 08:34:47.152581
69,40,37,1900-01-01 08:34:07,1900-01-01 08:35:28.000405,1900-01-01 08:34:43.166902
69,45,37,1900-01-01 08:34:07,1900-01-01 08:35:28.000405,1900-01-01 08:34:52.918797
69,48,37,1900-01-01 08:34:07,1900-01-01 08:35:28.000405,1900-01-01 08:35:00.903598
69,51,37,1900-01-01 08:34:07,1900-01-01 08:35:28.000405,1900-01-01 08:35:07.416584
69,54,37,1900-01-01 08:34:07,1900-01-01 08:35:28.000405,1900-01-01 08:35:05.720275
70,3,43,1900-01-01 08:34:33,1900-01-01 08:35:18.000286,1900-01-01 08:34:56.000596
70,6,43,1900-01-01 08:34:33,1900-01-01 08:35:18.000286,1900-01-01 08:35:10.980321
70,16,43,1900-01-01 08:34:33,1900-01-01 08:35:18.000286,1900-01-01 08:35:05.653715
70,41,43,1900-01-01 08:34:33,1900-01-01 08:35:18.000286,1900-01-01 08:35:01.152748
71,4,7,1900-01-01 08:35:04,1900-01-01 08:36:24.000286,1900-01-01 08:35:26.474993
71,5,7,1900-01-01 08:35:04,1900-01-01 08:36:24.000286,1900-01-01 08:35:38.982600
71,14,7,1900-01-01 08:35:04,1900-01-01 08:36:24.000286,1900-01-01 08:35:16.000501
71,28,7,1900-01-01 08:35:04,1900-01-01 08:36:24.000286,1900-01-01 08:35:44.122525
71,33,7,1900-01-01 08:35:04,1900-01-01 08:36:24.000286,1900-01-01 08:35:32.944100
71,45,7,1900-01-01 08:35:04,1900-01-01 08:36:24.000286,1900-01-01 08:35:48.626895
71,48,7,1900-01-01 08:35:04,1900-01-01 08:36:24.000286,1900-01-01 08:36:09.294501
71,53,7,1900-01-01 08:35:04,1900-01-01 08:36:24.000286,1900-01-01 08:35:59.996487
72,8,37,1900-01-01 08:35:28,1900-01-01 08:36:35.000095,1900-01-01 08:35:56.120296
72,9,37,1900-01-01 08:35:28,1900-01-01 08:36:35.000095,1900-01-01 08:35:48.674600
72,11,37,1900-01-01 08:35:28,1900-01-01 08:36:35.000095,1900-01-01 08:36:23.584787
72,17,37,1900-01-01 08:35:28,1900-01-01 08:36:35.000095,1900-01-01 08:36:13.119687
72,28,37,1900-01-01 08:35:28,1900-01-01 08:36:35.000095,1900-01-01 08:35:59.992713
72,36,37,1900-01-01 08:35:28,1900-01-01 08:36:35.000095,1900-01-01 08:36:14.537393
72,45,37,1900-01-01 08:35:28,1900-01-01 08:36:35.000095,1900-01-01 08:35:38.000286
72,50,37,1900-01-01 08:35:28,1900-01-01 08:36:35.000095,1900-01-01 08:36:08.801793
73,6,43,1900-01-01 08:36:05,1900-01-01 08:36:28.000405,1900-01-01 08:36:33.000095
74,4,7,1900-01-01 08:36:29,1900-01-01 08:37:41.000215,1900-01-01 08:37:04.572498
74,8,7,1900-01-01 08:36:29,1900-01-01 08:37:41.000215,1900-01-01 08:36:41.000381
74,21,7,1900-01-01 08:36:29,1900-01-01 08:37:41.000215,1900-01-01 08:36:45.516413
74,29,7,1900-01-01 08:36:29,1900-01-01 08:37:41.000215,1900-01-01 08:36:52.464315
74,41,7,1900-01-01 08:36:29,1900-01-01 08:37:41.000215,1900-01-01 08:36:58.445904
74,45,7,1900-01-01 08:36:29,1900-01-01 08:37:41.000215,1900-01-01 08:37:07.588110
74,47,7,1900-01-01 08:36:29,1900-01-01 08:37:41.000215,1900-01-01 08:37:29.265279
74,51,7,1900-01-01 08:36:29,1900-01-01 08:37:41.000215,1900-01-01 08:37:24.661605
75,5,37,1900-01-01 08:36:55,1900-01-01 08:38:08.000119,1900-01-01 08:37:54.455414
75,8,37,1900-01-01 08:36:55,1900-01-01 08:38:08.000119,1900-01-01 08:37:07.000286
75,15,37,1900-01-01 08:36:55,1900-01-01 08:38:08.000119,1900-01-01 08:37:20.756089
75,17,37,1900-01-01 08:36:55,1900-01-01 08:38:08.000119,1900-01-01 08:37:31.028283
75,29,37,1900-01-01 08:36:55,1900-01-01 08:38:08.000119,1900-01-01 08:37:26.642693
75,30,37,1900-01-01 08:36:55,1900-01-01 08:38:08.000119,1900-01-01 08:37:41.690412
75,48,37,1900-01-01 08:36:55,1900-01-01 08:38:08.000119,1900-01-01 08:37:15.350185
75,52,37,1900-01-01 08:36:55,1900-01-01 08:38:08.000119,1900-01-01 08:37:40.564617
76,17,43,1900-01-01 08:37:25,1900-01-01 08:38:25.000310,1900-01-01 08:37:56.907293
76,22,43,1900-01-01 08:37:25,1900-01-01 08:38:25.000310,1900-01-01 08:37:50.009315
76,24,43,1900-01-01 08:37:25,1900-01-01 08:38:25.000310,1900-01-01 08:38:01.650106
76,26,43,1900-01-01 08:37:25,1900-01-01 08:38:25.000310,1900-01-01 08:37:38.000381
76,38,43,1900-01-01 08:37:25,1900-01-01 08:38:25.000310,1900-01-01 08:37:41.679609
76,48,43,1900-01-01 08:37:25,1900-01-01 08:38:25.000310,1900-01-01 08:38:03.940521
77,15,7,1900-01-01 08:37:54,1900-01-01 08:38:57.000310,1900-01-01 08:38:16.972312
77,16,7,1900-01-01 08:37:54,1900-01-01 08:38:57.000310,1900-01-01 08:38:07.000310
77,20,7,1900-01-01 08:37:54,1900-01-01 08:38:57.000310,1900-01-01 08:38:24.732405
77,26,7,1900-01-01 08:37:54,1900-01-01 08:38:57.000310,1900-01-01 08:38:19.679385
77,35,7,1900-01-01 08:37:54,1900-01-01 08:38:57.000310,1900-01-01 08:38:37.031400
77,38,7,1900-01-01 08:37:54,1900-01-01 08:38:57.000310,1900-01-01 08:38:27.967387
77,46,7,1900-01-01 08:37:54,1900-01-01 08:38:57.000310,1900-01-01 08:38:38.351499
78,3,37,1900-01-01 08:38:22,1900-01-01 08:39:48.000310,1900-01-01 08:38:48.224300
78,5,37,1900-01-01 08:38:22,1900-01-01 08:39:48.000310,1900-01-01 08:39:21.261228
78,6,37,1900-01-01 08:38:22,1900-01-01 08:39:48.000310,1900-01-01 08:39:03.597292
78,12,37,1900-01-01 08:38:22,1900-01-01 08:39:48.000310,1900-01-01 08:39:27.330888
78,15,37,1900-01-01 08:38:22,1900-01-01 08:39:48.000310,1900-01-01 08:38:39.000310
78,22,37,1900-01-01 08:38:22,1900-01-01 08:39:48.000310,1900-01-01 08:38:49.215283
78,29,37,1900-01-01 08:38:22,1900-01-01 08:39:48.000310,1900-01-01 08:38:53.671516
78,32,37,1900-01-01 08:38:22,1900-01-01 08:39:48.000310,1900-01-01 08:38:58.583697
78,47,37,1900-01-01 08:38:22,1900-01-01 08:39:48.000310,1900-01-01 08:39:21.189696
78,48,37,1900-01-01 08:38:22,1900-01-01 08:39:48.000310,1900-01-01 08:39:14.506396
79,34,43,1900-01-01 08:38:49,1900-01-01 08:39:17.000381,1900-01-01 08:39:06.000191
79,41,43,1900-01-01 08:38:49,1900-01-01 08:39:17.000381,1900-01-01 08:39:08.000525
79,52,43,1900-01-01 08:38:49,1900-01-01 08:39:17.000381,1900-01-01 08:39:07.004875
80,4,7,1900-01-01 08:39:33,1900-01-01 08:41:00.000191,1900-01-01 08:39:54.110094
80,6,7,1900-01-01 08:39:33,1900-01-01 08:41:00.000191,1900-01-01 08:40:33.717294
80,8,7,1900-01-01 08:39:33,1900-01-01 08:41:00.000191,1900-01-01 08:39:45.000095
80,10,7,1900-01-01 08:39:33,1900-01-01 08:41:00.000191,1900-01-01 08:40:06.559910
80,32,7,1900-01-01 08:39:33,1900-01-01 08:41:00.000191,1900-01-01 08:39:48.104830
80,36,7,1900-01-01 08:39:33,1900-01-01 08:41:00.000191,1900-01-01 08:40:26.604408
80,38,7,1900-01-01 08:39:33,1900-01-01 08:41:00.000191,1900-01-01 08:40:13.706412
80,45,7,1900-01-01 08:39:33,1900-01-01 08:41:00.000191,1900-01-01 08:39:59.877513
80,47,7,1900-01-01 08:39:33,1900-01-01 08:41:00.000191,1900-01-01 08:40:22.448605
81,8,37,1900-01-01 08:40:02,1900-01-01 08:41:22.000215,1900-01-01 08:40:14.000215
81,11,37,1900-01-01 08:40:02,1900-01-01 08:41:22.000215,1900-01-01 08:41:01.269093
81,17,37,1900-01-01 08:40:02,1900-01-01 08:41:22.000215,1900-01-01 08:40:41.734479
81,18,37,1900-01-01 08:40:02,1900-01-01 08:41:22.000215,1900-01-01 08:40:46.879003
81,36,37,1900-01-01 08:40:02,1900-01-01 08:41:22.000215,1900-01-01 08:40:31.400293
81,39,37,1900-01-01 08:40:02,1900-01-01 08:41:22.000215,1900-01-01 08:40:16.241204
81,41,37,1900-01-01 08:40:02,1900-01-01 08:41:22.000215,1900-01-01 08:40:24.651423
81,45,37,1900-01-01 08:40:02,1900-01-01 08:41:22.000215,1900-01-01 08:40:48.653024
81,54,37,1900-01-01 08:40:02,1900-01-01 08:41:22.000215,1900-01-01 08:41:00.378481
82,9,43,1900-01-01 08:40:20,1900-01-01 08:41:08.000072,1900-01-01 08:40:50.394597
82,15,43,1900-01-01 08:40:20,1900-01-01 08:41:08.000072,1900-01-01 08:40:35.000310
82,17,43,1900-01-01 08:40:20,1900-01-01 08:41:08.000072,1900-01-01 08:40:52.360524
82,20,43,1900-01-01 08:40:20,1900-01-01 08:41:08.000072,1900-01-01 08:40:42.222125
82,22,43,1900-01-01 08:40:20,1900-01-01 08:41:08.000072,1900-01-01 08:40:56.446803
83,2,7,1900-01-01 08:41:00,1900-01-01 08:42:27.000405,1900-01-01 08:41:23.541608
83,5,7,1900-01-01 08:41:00,1900-01-01 08:42:27.000405,1900-01-01 08:41:41.514273
83,9,7,1900-01-01 08:41:00,1900-01-01 08:42:27.000405,1900-01-01 08:41:09.000310
83,20,7,1900-01-01 08:41:00,1900-01-01 08:42:27.000405,1900-01-01 08:41:15.130698
83,23,7,1900-01-01 08:41:00,1900-01-01 08:42:27.000405,1900-01-01 08:41:48.694009
83,35,7,1900-01-01 08:41:00,1900-01-01 08:42:27.000405,1900-01-01 08:41:27.855103
83,36,7,1900-01-01 08:41:00,1900-01-01 08:42:27.000405,1900-01-01 08:41:44.733996
83,46,7,1900-01-01 08:41:00,1900-01-01 08:42:27.000405,1900-01-01 08:41:33.381289
83,54,7,1900-01-01 08:41:00,1900-01-01 08:42:27.000405,1900-01-01 08:41:56.716684
84,2,37,1900-01-01 08:41:31,1900-01-01 08:42:26.000119,1900-01-01 08:41:45.000167
84,12,37,1900-01-01 08:41:31,1900-01-01 08:42:26.000119,1900-01-01 08:42:08.709804
84,15,37,1900-01-01 08:41:31,1900-01-01 08:42:26.000119,1900-01-01 08:42:01.235069
84,26,37,1900-01-01 08:41:31,1900-01-01 08:42:26.000119,1900-01-01 08:41:48.563784
84,52,37,1900-01-01 08:41:31,1900-01-01 08:42:26.000119,1900-01-01 08:41:53.943320
85,6,43,1900-01-01 08:42:02,1900-01-01 08:43:20.000310,1900-01-01 08:43:03.787322
85,16,43,1900-01-01 08:42:02,1900-01-01 08:43:20.000310,1900-01-01 08:42:31.233996
85,17,43,1900-01-01 08:42:02,1900-01-01 08:43:20.000310,1900-01-01 08:42:43.108603
85,23,43,1900-01-01 08:42:02,1900-01-01 08:43:20.000310,1900-01-01 08:42:38.239594
85,24,43,1900-01-01 08:42:02,1900-01-01 08:43:20.000310,1900-01-01 08:42:48.274897
85,41,43,1900-01-01 08:42:02,1900-01-01 08:43:20.000310,1900-01-01 08:42:18.883173
85,46,43,1900-01-01 08:42:02,1900-01-01 08:43:20.000310,1900-01-01 08:42:14.000310
85,53,43,1900-01-01 08:42:02,1900-01-01 08:43:20.000310,1900-01-01 08:42:25.113481
85,54,43,1900-01-01 08:42:02,1900-01-01 08:43:20.000310,1900-01-01 08:42:54.003787
86,4,7,1900-01-01 08:42:35,1900-01-01 08:43:50.000215,1900-01-01 08:42:48.000310
86,16,7,1900-01-01 08:42:35,1900-01-01 08:43:50.000215,1900-01-01 08:42:54.137204
86,18,7,1900-01-01 08:42:35,1900-01-01 08:43:50.000215,1900-01-01 08:43:09.933014
86,32,7,1900-01-01 08:42:35,1900-01-01 08:43:50.000215,1900-01-01 08:42:57.889698
86,33,7,1900-01-01 08:42:35,1900-01-01 08:43:50.000215,1900-01-01 08:43:02.028812
86,35,7,1900-01-01 08:42:35,1900-01-01 08:43:50.000215,1900-01-01 08:43:09.716170
86,41,7,1900-01-01 08:42:35,1900-01-01 08:43:50.000215,1900-01-01 08:43:16.379422
86,46,7,1900-01-01 08:42:35,1900-01-01 08:43:50.000215,1900-01-01 08:43:21.287815
87,2,37,1900-01-01 08:43:09,1900-01-01 08:44:22.000119,1900-01-01 08:43:29.338143
87,10,37,1900-01-01 08:43:09,1900-01-01 08:44:22.000119,1900-01-01 08:44:08.977123
87,14,37,1900-01-01 08:43:09,1900-01-01 08:44:22.000119,1900-01-01 08:43:21.000310
87,20,37,1900-01-01 08:43:09,1900-01-01 08:44:22.000119,1900-01-01 08:43:32.910989
87,21,37,1900-01-01 08:43:09,1900-01-01 08:44:22.000119,1900-01-01 08:43:39.815402
87,30,37,1900-01-01 08:43:09,1900-01-01 08:44:22.000119,1900-01-01 08:43:57.845692
87,39,37,1900-01-01 08:43:09,1900-01-01 08:44:22.000119,1900-01-01 08:43:42.530487
87,52,37,1900-01-01 08:43:09,1900-01-01 08:44:22.000119,1900-01-01 08:43:48.669980
88,17,43,1900-01-01 08:43:38,1900-01-01 08:44:30.000310,1900-01-01 08:44:10.387585
88,20,43,1900-01-01 08:43:38,1900-01-01 08:44:30.000310,1900-01-01 08:43:51.000215
88,22,43,1900-01-01 08:43:38,1900-01-01 08:44:30.000310,1900-01-01 08:44:15.140600
88,33,43,1900-01-01 08:43:38,1900-01-01 08:44:30.000310,1900-01-01 08:43:59.154299
88,53,43,1900-01-01 08:43:38,1900-01-01 08:44:30.000310,1900-01-01 08:44:01.885623
89,3,7,1900-01-01 08:44:11,1900-01-01 08:45:20.000095,1900-01-01 08:44:34.384515
89,30,7,1900-01-01 08:44:11,1900-01-01 08:45:20.000095,1900-01-01 08:44:41.287715
89,36,7,1900-01-01 08:44:11,1900-01-01 08:45:20.000095,1900-01-01 08:44:46.396810
89,44,7,1900-01-01 08:44:11,1900-01-01 08:45:20.000095,1900-01-01 08:44:25.000191
89,47,7,1900-01-01 08:44:11,1900-01-01 08:45:20.000095,1900-01-01 08:44:51.394778
89,54,7,1900-01-01 08:44:11,1900-01-01 08:45:20.000095,1900-01-01 08:44:59.253582
90,6,37,1900-01-01 08:44:42,1900-01-01 08:46:02.000191,1900-01-01 08:45:28.743605
90,24,37,1900-01-01 08:44:42,1900-01-01 08:46:02.000191,1900-01-01 08:45:33.476093
90,32,37,1900-01-01 08:44:42,1900-01-01 08:46:02.000191,1900-01-01 08:44:59.386613
90,33,37,1900-01-01 08:44:42,1900-01-01 08:46:02.000191,1900-01-01 08:45:07.624716
90,36,37,1900-01-01 08:44:42,1900-01-01 08:46:02.000191,1900-01-01 08:45:14.541315
90,38,37,1900-01-01 08:44:42,1900-01-01 08:46:02.000191,1900-01-01 08:44:50.000095
90,39,37,1900-01-01 08:44:42,1900-01-01 08:46:02.000191,1900-01-01 08:45:01.243274
90,42,37,1900-01-01 08:44:42,1900-01-01 08:46:02.000191,1900-01-01 08:45:38.049604
90,44,37,1900-01-01 08:44:42,1900-01-01 08:46:02.000191,1900-01-01 08:45:17.164274
91,4,43,1900-01-01 08:45:08,1900-01-01 08:46:12.000095,1900-01-01 08:45:48.184778
91,8,43,1900-01-01 08:45:08,1900-01-01 08:46:12.000095,1900-01-01 08:45:32.995416
91,16,43,1900-01-01 08:45:08,1900-01-01 08:46:12.000095,1900-01-01 08:45:58.319810
91,21,43,1900-01-01 08:45:08,1900-01-01 08:46:12.000095,1900-01-01 08:45:23.000620
91,24,43,1900-01-01 08:45:08,1900-01-01 08:46:12.000095,1900-01-01 08:46:01.466888
91,30,43,1900-01-01 08:45:08,1900-01-01 08:46:12.000095,1900-01-01 08:46:05.704206
91,34,43,1900-01-01 08:45:08,1900-01-01 08:46:12.000095,1900-01-01 08:45:36.291787
92,3,7,1900-01-01 08:45:33,1900-01-01 08:46:12.000405,1900-01-01 08:45:54.637503
92,10,7,1900-01-01 08:45:33,1900-01-01 08:46:12.000405,1900-01-01 08:46:00.143994
92,39,7,1900-01-01 08:45:33,1900-01-01 08:46:12.000405,1900-01-01 08:45:47.000286
93,21,37,1900-01-01 08:45:55,1900-01-01 08:46:34.000405,1900-01-01 08:46:14.366016
93,32,37,1900-01-01 08:45:55,1900-01-01 08:46:34.000405,1900-01-01 08:46:04.000215
93,42,37,1900-01-01 08:45:55,1900-01-01 08:46:34.000405,1900-01-01 08:46:16.942081
93,45,37,1900-01-01 08:45:55,1900-01-01 08:46:34.000405,1900-01-01 08:46:22.231589
94,2,43,1900-01-01 08:46:26,1900-01-01 08:47:04.000286,1900-01-01 08:46:49.456617
94,23,43,1900-01-01 08:46:26,1900-01-01 08:47:04.000286,1900-01-01 08:46:56.212518
94,27,43,1900-01-01 08:46:26,1900-01-01 08:47:04.000286,1900-01-01 08:46:45.646634
94,51,43,1900-01-01 08:46:26,1900-01-01 08:47:04.000286,1900-01-01 08:46:37.000310
95,36,7,1900-01-01 08:46:44,1900-01-01 08:47:14.000095,1900-01-01 08:47:04.000310
95,41,7,1900-01-01 08:46:44,1900-01-01 08:47:14.000095,1900-01-01 08:47:08.637789
96,20,37,1900-01-01 08:47:08,1900-01-01 08:47:40.000310,1900-01-01 08:47:26.249215
96,40,37,1900-01-01 08:47:08,1900-01-01 08:47:40.000310,1900-01-01 08:47:20.000191
96,48,37,1900-01-01 08:47:08,1900-01-01 08:47:40.000310,1900-01-01 08:47:30.707525
97,5,43,1900-01-01 08:47:35,1900-01-01 08:48:42.001621,1900-01-01 08:48:23.923374
97,14,43,1900-01-01 08:47:35,1900-01-01 08:48:42.001621,1900-01-01 08:47:48.000215
97,21,43,1900-01-01 08:47:35,1900-01-01 08:48:42.001621,1900-01-01 08:48:01.641693
97,35,43,1900-01-01 08:47:35,1900-01-01 08:48:42.001621,1900-01-01 08:48:11.111395
97,42,43,1900-01-01 08:47:35,1900-01-01 08:48:42.001621,1900-01-01 08:48:08.002798
97,51,43,1900-01-01 08:47:35,1900-01-01 08:48:42.001621,1900-01-01 08:47:51.259800
97,54,43,1900-01-01 08:47:35,1900-01-01 08:48:42.001621,1900-01-01 08:48:18.955014
98,6,7,1900-01-01 08:48:09,1900-01-01 08:49:09.000310,1900-01-01 08:48:40.893513
98,16,7,1900-01-01 08:48:09,1900-01-01 08:49:09.000310,1900-01-01 08:48:30.041933
98,27,7,1900-01-01 08:48:09,1900-01-01 08:49:09.000310,1900-01-01 08:48:24.001192
98,41,7,1900-01-01 08:48:09,1900-01-01 08:49:09.000310,1900-01-01 08:48:33.942582
98,48,7,1900-01-01 08:48:09,1900-01-01 08:49:09.000310,1900-01-01 08:48:41.781192
99,30,37,1900-01-01 08:48:30,1900-01-01 08:48:50.000405,1900-01-01 08:48:50.000191
100,35,43,1900-01-01 08:48:55,1900-01-01 08:49:11.000191,1900-01-01 08:49:14.000405
101,4,7,1900-01-01 08:49:16,1900-01-01 08:49:45.000286,1900-01-01 08:49:34.000310
101,17,7,1900-01-01 08:49:16,1900-01-01 08:49:45.000286,1900-01-01 08:49:45.021496
101,23,7,1900-01-01 08:49:16,1900-01-01 08:49:45.000286,1900-01-01 08:49:40.056500
102,4,37,1900-01-01 08:49:48,1900-01-01 08:51:13.000215,1900-01-01 08:50:42.981225
102,14,37,1900-01-01 08:49:48,1900-01-01 08:51:13.000215,1900-01-01 08:50:07.389668
102,15,37,1900-01-01 08:49:48,1900-01-01 08:51:13.000215,1900-01-01 08:50:23.097088
102,16,37,1900-01-01 08:49:48,1900-01-01 08:51:13.000215,1900-01-01 08:50:47.983582
102,17,37,1900-01-01 08:49:48,1900-01-01 08:51:13.000215,1900-01-01 08:50:36.807400
102,21,37,1900-01-01 08:49:48,1900-01-01 08:51:13.000215,1900-01-01 08:50:11.331870
102,28,37,1900-01-01 08:49:48,1900-01-01 08:51:13.000215,1900-01-01 08:50:31.174878
102,34,37,1900-01-01 08:49:48,1900-01-01 08:51:13.000215,1900-01-01 08:50:01.000095
102,39,37,1900-01-01 08:49:48,1900-01-01 08:51:13.000215,1900-01-01 08:50:16.964104
102,53,37,1900-01-01 08:49:48,1900-01-01 08:51:13.000215,1900-01-01 08:50:53.764782
103,4,43,1900-01-01 08:50:15,1900-01-01 08:51:16.000310,1900-01-01 08:50:58.498492
103,6,43,1900-01-01 08:50:15,1900-01-01 08:51:16.000310,1900-01-01 08:51:04.782398
103,22,43,1900-01-01 08:50:15,1900-01-01 08:51:16.000310,1900-01-01 08:50:51.487811
103,32,43,1900-01-01 08:50:15,1900-01-01 08:51:16.000310,1900-01-01 08:50:30.993894
103,38,43,1900-01-01 08:50:15,1900-01-01 08:51:16.000310,1900-01-01 08:50:36.011508
103,44,43,1900-01-01 08:50:15,1900-01-01 08:51:16.000310,1900-01-01 08:50:22.000310
103,45,43,1900-01-01 08:50:15,1900-01-01 08:51:16.000310,1900-01-01 08:50:38.523102
104,2,7,1900-01-01 08:50:44,1900-01-01 08:51:59.000381,1900-01-01 08:51:04.899190
104,4,7,1900-01-01 08:50:44,1900-01-01 08:51:59.000381,1900-01-01 08:51:21.910693
104,8,7,1900-01-01 08:50:44,1900-01-01 08:51:59.000381,1900-01-01 08:50:59.983892
104,9,7,1900-01-01 08:50:44,1900-01-01 08:51:59.000381,1900-01-01 08:51:13.426327
104,15,7,1900-01-01 08:50:44,1900-01-01 08:51:59.000381,1900-01-01 08:51:08.417319
104,18,7,1900-01-01 08:50:44,1900-01-01 08:51:59.000381,1900-01-01 08:51:32.428722
104,27,7,1900-01-01 08:50:44,1900-01-01 08:51:59.000381,1900-01-01 08:51:24.151395
104,36,7,1900-01-01 08:50:44,1900-01-01 08:51:59.000381,1900-01-01 08:51:36.710219
105,2,37,1900-01-01 08:51:13,1900-01-01 08:52:29.000405,1900-01-01 08:51:27.000215
105,3,37,1900-01-01 08:51:13,1900-01-01 08:52:29.000405,1900-01-01 08:51:48.193106
105,6,37,1900-01-01 08:51:13,1900-01-01 08:52:29.000405,1900-01-01 08:52:20.477706
105,11,37,1900-01-01 08:51:13,1900-01-01 08:52:29.000405,1900-01-01 08:52:12.714889
105,17,37,1900-01-01 08:51:13,1900-01-01 08:52:29.000405,1900-01-01 08:52:05.736470
105,28,37,1900-01-01 08:51:13,1900-01-01 08:52:29.000405,1900-01-01 08:51:40.166000
105,39,37,1900-01-01 08:51:13,1900-01-01 08:52:29.000405,1900-01-01 08:51:46.860029
105,42,37,1900-01-01 08:51:13,1900-01-01 08:52:29.000405,1900-01-01 08:51:53.989199
105,46,37,1900-01-01 08:51:13,1900-01-01 08:52:29.000405,1900-01-01 08:51:32.281805
106,10,43,1900-01-01 08:51:48,1900-01-01 08:53:38.000215,1900-01-01 08:52:24.283419
106,11,43,1900-01-01 08:51:48,1900-01-01 08:53:38.000215,1900-01-01 08:52:40.567886
106,15,43,1900-01-01 08:51:48,1900-01-01 08:53:38.000215,1900-01-01 08:52:03.000095
106,18,43,1900-01-01 08:51:48,1900-01-01 08:53:38.000215,1900-01-01 08:52:31.876287
106,24,43,1900-01-01 08:51:48,1900-01-01 08:53:38.000215,1900-01-01 08:52:44.969210
106,28,43,1900-01-01 08:51:48,1900-01-01 08:53:38.000215,1900-01-01 08:52:47.098188
106,30,43,1900-01-01 08:51:48,1900-01-01 08:53:38.000215,1900-01-01 08:52:57.856425
106,34,43,1900-01-01 08:51:48,1900-01-01 08:53:38.000215,1900-01-01 08:52:10.621097
106,36,43,1900-01-01 08:51:48,1900-01-01 08:53:38.000215,1900-01-01 08:52:23.063295
106,44,43,1900-01-01 08:51:48,1900-01-01 08:53:38.000215,1900-01-01 08:52:00.369998
106,46,43,1900-01-01 08:51:48,1900-01-01 08:53:38.000215,1900-01-01 08:52:48.779882
106,47,43,1900-01-01 08:51:48,1900-01-01 08:53:38.000215,1900-01-01 08:52:45.778765
106,52,43,1900-01-01 08:51:48,1900-01-01 08:53:38.000215,1900-01-01 08:53:04.155512
106,54,43,1900-01-01 08:51:48,1900-01-01 08:53:38.000215,1900-01-01 08:52:47.197402
107,8,7,1900-01-01 08:52:18,1900-01-01 08:53:03.000429,1900-01-01 08:52:32.477825
107,42,7,1900-01-01 08:52:18,1900-01-01 08:53:03.000429,1900-01-01 08:52:44.875491
107,51,7,1900-01-01 08:52:18,1900-01-01 08:53:03.000429,1900-01-01 08:52:41.911032
108,4,37,1900-01-01 08:52:47,1900-01-01 08:53:05.000119,1900-01-01 08:53:10.000215
109,18,43,1900-01-01 08:53:15,1900-01-01 08:53:51.000215,1900-01-01 08:53:44.939008
109,46,43,1900-01-01 08:53:15,1900-01-01 08:53:51.000215,1900-01-01 08:53:37.931515
109,51,43,1900-01-01 08:53:15,1900-01-01 08:53:51.000215,1900-01-01 08:53:32.284308
110,17,7,1900-01-01 08:53:33,1900-01-01 08:54:46.000286,1900-01-01 08:54:00.888074
110,18,7,1900-01-01 08:53:33,1900-01-01 08:54:46.000286,1900-01-01 08:54:29.526395
110,21,7,1900-01-01 08:53:33,1900-01-01 08:54:46.000286,1900-01-01 08:54:21.755803
110,27,7,1900-01-01 08:53:33,1900-01-01 08:54:46.000286,1900-01-01 08:53:50.955794
110,32,7,1900-01-01 08:53:33,1900-01-01 08:54:46.000286,1900-01-01 08:53:46.000215
110,46,7,1900-01-01 08:53:33,1900-01-01 08:54:46.000286,1900-01-01 08:54:15.796819
110,50,7,1900-01-01 08:53:33,1900-01-01 08:54:46.000286,1900-01-01 08:54:07.037628
110,51,7,1900-01-01 08:53:33,1900-01-01 08:54:46.000286,1900-01-01 08:53:57.369804
111,6,37,1900-01-01 08:53:55,1900-01-01 08:54:46.000095,1900-01-01 08:54:29.094003
111,20,37,1900-01-01 08:53:55,1900-01-01 08:54:46.000095,1900-01-01 08:54:09.000310
111,45,37,1900-01-01 08:53:55,1900-01-01 08:54:46.000095,1900-01-01 08:54:14.687215
111,47,37,1900-01-01 08:53:55,1900-01-01 08:54:46.000095,1900-01-01 08:54:21.764317
112,11,43,1900-01-01 08:54:22,1900-01-01 08:55:04.000429,1900-01-01 08:54:47.000405
112,12,43,1900-01-01 08:54:22,1900-01-01 08:55:04.000429,1900-01-01 08:55:05.526674
112,24,43,1900-01-01 08:54:22,1900-01-01 08:55:04.000429,1900-01-01 08:54:58.382410
112,42,43,1900-01-01 08:54:22,1900-01-01 08:55:04.000429,1900-01-01 08:54:50.081795
113,3,7,1900-01-01 08:54:57,1900-01-01 08:55:50.000215,1900-01-01 08:55:18.536699
113,9,7,1900-01-01 08:54:57,1900-01-01 08:55:50.000215,1900-01-01 08:55:06.000215
113,15,7,1900-01-01 08:54:57,1900-01-01 08:55:50.000215,1900-01-01 08:55:10.784729
113,28,7,1900-01-01 08:54:57,1900-01-01 08:55:50.000215,1900-01-01 08:55:20.878995
113,50,7,1900-01-01 08:54:57,1900-01-01 08:55:50.000215,1900-01-01 08:55:24.138802
114,6,37,1900-01-01 08:55:23,1900-01-01 08:56:36.000286,1900-01-01 08:56:07.939420
114,11,37,1900-01-01 08:55:23,1900-01-01 08:56:36.000286,1900-01-01 08:55:59.450308
114,12,37,1900-01-01 08:55:23,1900-01-01 08:56:36.000286,1900-01-01 08:56:17.079891
114,14,37,1900-01-01 08:55:23,1900-01-01 08:56:36.000286,1900-01-01 08:55:41.711316
114,24,37,1900-01-01 08:55:23,1900-01-01 08:56:36.000286,1900-01-01 08:56:10.491714
114,26,37,1900-01-01 08:55:23,1900-01-01 08:56:36.000286,1900-01-01 08:55:35.000310
114,29,37,1900-01-01 08:55:23,1900-01-01 08:56:36.000286,1900-01-01 08:55:51.039519
114,33,37,1900-01-01 08:55:23,1900-01-01 08:56:36.000286,1900-01-01 08:55:45.983610
115,41,43,1900-01-01 08:55:50,1900-01-01 08:56:09.000191,1900-01-01 08:56:04.000310
116,3,7,1900-01-01 08:56:26,1900-01-01 08:57:05.000286,1900-01-01 08:56:48.140423
116,42,7,1900-01-01 08:56:26,1900-01-01 08:57:05.000286,1900-01-01 08:56:53.637311
116,45,7,1900-01-01 08:56:26,1900-01-01 08:57:05.000286,1900-01-01 08:56:41.000191
117,22,37,1900-01-01 08:56:54,1900-01-01 08:57:26.000310,1900-01-01 08:57:11.267195
117,24,37,1900-01-01 08:56:54,1900-01-01 08:57:26.000310,1900-01-01 08:57:15.653601
117,26,37,1900-01-01 08:56:54,1900-01-01 08:57:26.000310,1900-01-01 08:57:05.000310
118,26,43,1900-01-01 08:57:21,1900-01-01 08:58:13.000191,1900-01-01 08:57:42.803105
118,28,43,1900-01-01 08:57:21,1900-01-01 08:58:13.000191,1900-01-01 08:57:56.032503
118,32,43,1900-01-01 08:57:21,1900-01-01 08:58:13.000191,1900-01-01 08:57:31.000381
118,39,43,1900-01-01 08:57:21,1900-01-01 08:58:13.000191,1900-01-01 08:57:36.675173
118,42,43,1900-01-01 08:57:21,1900-01-01 08:58:13.000191,1900-01-01 08:58:01.285321
118,53,43,1900-01-01 08:57:21,1900-01-01 08:58:13.000191,1900-01-01 08:57:49.421298
119,2,7,1900-01-01 08:57:51,1900-01-01 08:59:01.000215,1900-01-01 08:58:17.517286
119,6,7,1900-01-01 08:57:51,1900-01-01 08:59:01.000215,1900-01-01 08:58:26.955278
119,14,7,1900-01-01 08:57:51,1900-01-01 08:59:01.000215,1900-01-01 08:58:04.000405
119,17,7,1900-01-01 08:57:51,1900-01-01 08:59:01.000215,1900-01-01 08:58:10.806995
119,29,7,1900-01-01 08:57:51,1900-01-01 08:59:01.000215,1900-01-01 08:58:32.344278
119,54,7,1900-01-01 08:57:51,1900-01-01 08:59:01.000215,1900-01-01 08:58:41.100593
120,12,37,1900-01-01 08:58:26,1900-01-01 08:59:08.000095,1900-01-01 08:58:52.000215
120,14,37,1900-01-01 08:58:26,1900-01-01 08:59:08.000095,1900-01-01 08:58:43.897287
120,46,37,1900-01-01 08:58:26,1900-01-01 08:59:08.000095,1900-01-01 08:58:38.000286
121,8,43,1900-01-01 08:59:04,1900-01-01 08:59:42.000286,1900-01-01 08:59:26.377103
121,44,43,1900-01-01 08:59:04,1900-01-01 08:59:42.000286,1900-01-01 08:59:17.000095
121,54,43,1900-01-01 08:59:04,1900-01-01 08:59:42.000286,1900-01-01 08:59:27.661964
122,26,7,1900-01-01 08:59:42,1900-01-01 08:59:55.000906,1900-01-01 08:59:54.000811
123,2,37,1900-01-01 09:00:09,False,False
123,6,37,1900-01-01 09:00:09,False,False
123,18,37,1900-01-01 09:00:09,False,False
123,22,37,1900-01-01 09:00:09,False,False
123,23,37,1900-01-01 09:00:09,False,False
123,35,37,1900-01-01 09:00:09,False,False
